n't,110
's,66
'm,47
time,47
know,47
think,37
feel,35
take,34
did,33
good,33
back,31
help,29
keep,27
better,26
long,24
've,24
im,23
right,23
people,23
sure,23
weeks,22
things,22
test,22
thank,22
got,21
days,21
pain,21
going,21
doctor,21
hope,21
make,20
try,20
having,19
getting,19
'll,19
thyroid,18
thanks,18
body,18
sleep,17
feeling,17
years,17
2,17
normal,17
blood,17
symptoms,17
hard,17
sex,17
months,16
find,16
baby,16
risk,15
thing,15
work,14
life,14
3,14
low,14
're,14
great,14
give,13
best,13
say,13
read,13
found,13
hiv,13
new,12
free,12
care,12
trying,12
doctors,12
probably,12
bad,11
tell,11
healthy,11
1,11
luck,11
u,11
tested,11
tsh,11
cause,11
able,11
ca,11
tests,11
surgery,11
told,10
anxiety,10
old,10
today,10
girl,10
come,10
start,10
5,10
t3,10
small,10
ask,10
dont,10
please,10
liver,10
couple,10
control,10
disease,10
hi,10
point,10
pressure,10
negative,9
lab,9
away,9
yes,9
gave,9
post,9
goes,9
half,9
medication,9
experience,9
two,9
needs,9
pregnant,9
done,9
remove,9
look,9
problems,9
patients,9
taking,9
thought,9
problem,9
hvpg,8
went,8
side,8
pregnancy,8
drugs,8
study,8
way,8
head,8
later,8
'd,8
remember,8
talk,8
mri,8
different,8
4,8
6,8
weight,8
treatment,8
person,8
ur,8
makes,8
started,8
hands,8
understand,8
mine,7
dr,7
testing,7
night,7
happy,7
felt,7
water,7
usually,7
place,7
husband,7
hours,7
ive,7
lol,7
lot,7
family,7
put,7
tried,7
reason,7
ft3,7
believe,7
fine,7
recently,7
bit,7
meds,7
results,7
helps,7
high,7
hormones,7
completely,7
nerve,7
made,7
happen,7
child,6
dr.,6
specialist,6
depression,6
order,6
therapy,6
mean,6
condom,6
mind,6
sound,6
wo,6
asking,6
support,6
needles,6
check,6
change,6
wait,6
live,6
cardio,6
looking,6
response,6
10,6
12,6
especially,6
cancer,6
situation,6
ivf,6
early,6
viral,6
area,6
important,6
urinary,6
month,6
glad,6
health,6
issue,6
feet,6
part,6
pretty,6
c,6
yesterday,6
big,6
damage,6
ago,6
times,6
system,6
gets,6
drink,6
muscle,6
loss,6
scared,6
cells,6
stay,6
likely,5
easier,5
safe,5
encourage,5
neck,5
needed,5
legs,5
second,5
matter,5
regular,5
medical,5
definitely,5
saying,5
explain,5
portal,5
takes,5
hear,5
detox,5
longer,5
finally,5
diagnosed,5
positive,5
figure,5
penus,5
proud,5
walking,5
concern,5
period,5
eventually,5
relief,5
pill,5
t4,5
ranges,5
short,5
bugs,5
soon,5
telling,5
surgeon,5
actually,5
http,5
ft4,5
needle,5
8,5
solid,5
levels,5
cut,5
apnea,5
continue,5
run,5
nerves,5
question,5
called,5
involved,5
thats,5
venous,5
spleen,5
lobe,5
stuff,5
barrets,5
endo,5
hypertension,5
effect,5
diabetes,5
neuropathy,5
dose,5
cancerous,5
exposure,5
wish,5
periods,5
sick,5
friends,5
oral,5
four,4
affect,4
forum,4
neurologist,4
changes,4
lyme,4
call,4
recommend,4
type,4
answer,4
office,4
autonomic,4
combination,4
god,4
mouth,4
came,4
report,4
cycle,4
mother,4
left,4
possible,4
quickly,4
mild,4
father,4
sign,4
love,4
working,4
crazy,4
stress,4
cold,4
term,4
january,4
pills,4
internet,4
possibility,4
genotype,4
hepatic,4
friend,4
boyfriend,4
knew,4
worried,4
pole,4
late,4
trip,4
real,4
tube,4
burning,4
determine,4
poor,4
starting,4
case,4
difference,4
condition,4
treating,4
--,4
pass,4
nurse,4
strong,4
amount,4
eye,4
hour,4
learn,4
advice,4
hell,4
20,4
yr,4
story,4
members,4
option,4
supposed,4
lil,4
rest,4
hypo,4
missing,4
incident,4
alot,4
headaches,4
ph,4
helpful,4
d,4
decision,4
bp,4
range,4
..,4
info,4
age,4
issues,4
penis,4
concerned,4
bleeding,4
opinion,4
infection,4
actual,4
women,4
didnt,4
syndrome,4
sperm,4
related,4
hey,4
regards,4
unlikely,4
fact,4
course,4
job,4
cm,4
treat,4
general,4
choices,4
site,4
helped,4
klonopin,4
hr,4
bug,4
minutes,4
hpv,4
chance,4
worth,3
fingers,3
nodule,3
arms,3
n,3
pancreas,3
urinate,3
visible,3
posting,3
hurt,3
md,3
end,3
turn,3
wrong,3
appreciate,3
orally,3
platelets,3
cirrhosis,3
hearing,3
talking,3
causing,3
genital,3
episode,3
sugar,3
stop,3
increasing,3
hello,3
reference,3
med,3
sensitivity,3
result,3
lots,3
hopefully,3
news,3
accident,3
pre,3
trust,3
cant,3
hang,3
contact,3
easy,3
possibly,3
knowing,3
stuck,3
approval,3
removed,3
anel,3
generally,3
interested,3
serious,3
keeping,3
trouble,3
leave,3
patient,3
angry,3
wondering,3
menstrual,3
wouldnt,3
pins,3
spot,3
date,3
natural,3
discuss,3
wont,3
name,3
drop,3
er,3
hcv,3
receiving,3
cycles,3
sounds,3
given,3
bite,3
13,3
15,3
unfortunately,3
future,3
wanting,3
wonder,3
track,3
tract,3
salt,3
inhibitors,3
slow,3
daily,3
stupid,3
hurts,3
s,3
associated,3
urination,3
middle,3
antibodies,3
severe,3
tip,3
reduced,3
tumor,3
fast,3
complete,3
lymph,3
october,3
pacer,3
diarrhea,3
xanax,3
requires,3
caused,3
lack,3
children,3
nodes,3
gi,3
full,3
loose,3
taken,3
stayed,3
methadone,3
isnt,3
2.,3
severely,3
stopped,3
mental,3
event,3
hsv1,3
7,3
upper,3
guess,3
wonderful,3
relationship,3
serotonin,3
std,3
b,3
tooth,3
treated,3
plan,3
tubes,3
hyper,3
ovulate,3
clinic,3
injecting,3
attention,3
bond,3
load,3
community,3
simply,3
expensive,3
due,3
po,3
lives,3
referrals,3
ready,3
advise,3
sharps,3
lower,3
questions,3
pep,3
crap,3
posted,3
similar,3
gp,3
breathing,3
putting,3
giving,3
suggest,3
motor,3
1/2,3
meet,3
6mm,3
addiction,3
mentioned,3
cutting,3
upset,3
regulatory,3
bleed,3
pancreatic,3
afraid,3
congrats,3
mid,3
concerns,3
rash,3
words,3
thumb,3
running,3
ct,3
partner,3
morning,3
position,3
rapid,3
add,3
tick,3
lost,3
ultrasound,3
cervical,2
hate,2
forget,2
increase,2
sorry,2
updated,2
school,2
enjoy,2
specially,2
tired,2
consistent,2
available,2
errors,2
met,2
miscarriage,2
daughter,2
leaves,2
highly,2
hospital,2
breathe,2
join,2
mm,2
initial,2
indicates,2
foods,2
hormone,2
counseling,2
actuality,2
fever,2
types,2
wink,2
hashimoto,2
vary,2
conclusive,2
london,2
fit,2
fix,2
babies,2
weakness,2
downs,2
effects,2
contracting,2
message,2
gradient,2
resume,2
appointments,2
hg,2
moving,2
primary,2
pre-seed,2
top,2
listen,2
took,2
showed,2
regulate,2
relapse,2
cope,2
chest,2
doc,2
participate,2
ocd,2
too.i,2
dx,2
twice,2
respond,2
depends,2
finger,2
mum,2
lotion,2
wear,2
received,2
tough,2
active,2
karen,2
three,2
lift,2
worked,2
near,2
suppose,2
balance,2
procedure,2
throat,2
hand,2
prescribed,2
nudge,2
passive,2
spread,2
eucerin,2
opk,2
deal,2
begin,2
dear,2
chromosomes,2
total,2
dropping,2
comments,2
retested,2
dental,2
repellant,2
eat,2
ribs,2
costs,2
slightly,2
lied,2
clinical,2
metabolism,2
intolerance,2
offer,2
congratulations,2
assessment,2
diagnose,2
genitally,2
annoying,2
na,2
moved,2
personal,2
depend,2
exact,2
die,2
..so,2
team,2
says,2
cost,2
contracted,2
boy,2
suggestion,2
extra,2
1st,2
scan,2
memory,2
club,2
fixed,2
cases,2
hardest,2
growing,2
dosage,2
deceased,2
predict,2
heard,2
performed,2
occur,2
watching,2
cocktail,2
truly,2
grandson,2
swollen,2
comfort,2
mainly,2
ended,2
ttc,2
facility,2
amazing,2
decreased,2
main,2
happened,2
sooner,2
quarter,2
abnormal,2
intercourse,2
miles,2
shows,2
earlier,2
rls,2
chin/neck,2
honest,2
view,2
waited,2
sneezing,2
coming,2
phq-9,2
impossible,2
fight,2
open,2
tomorrow,2
size,2
tingling,2
checked,2
returns,2
eyes,2
sores,2
accurately,2
depressed,2
rehab,2
sad,2
sat,2
ideas,2
equipment,2
handing,2
mra,2
precise,2
obstructive,2
frequent,2
neti,2
fluid,2
urine,2
held,2
buy,2
ways,2
pray,2
pot,2
unusual,2
suppressed,2
mark,2
breath,2
defined,2
2010,2
wants,2
direction,2
paying,2
worry,2
devoid,2
changing,2
it.i,2
inability,2
death,2
lets,2
setting,2
decompression,2
mom,2
world,2
disappointed,2
everytime,2
reasons,2
hepatitis,2
cramps,2
oh,2
medicare,2
ladies,2
protease,2
hep,2
allergic,2
brain,2
agree,2
ab,2
lumbar,2
melatonin,2
4.1,2
transfusion,2
coughing,2
missed,2
wife,2
lupron,2
consider,2
cardiologist,2
causes,2
tx,2
ty,2
present,2
appointment,2
sitting,2
decide,2
fall,2
list,2
saudi,2
dexterity,2
past,2
ovulation,2
fsh,2
sensory,2
prior,2
social,2
anti-hiv,2
knows,2
iu/ml,2
remain,2
synthyroid,2
history,2
accept,2
plans,2
flutter,2
paper,2
24,2
25,2
28,2
nausea,2
easily,2
turns,2
referred,2
heavy,2
status,2
harm,2
house,2
idea,2
measurement,2
warts,2
research,2
acting,2
imagine,2
beginning,2
major,2
least,2
burrito,2
outdoors,2
motivation,2
lie,2
dancing,2
endometriomas,2
chart,2
gold,2
bfp,2
money,2
unprotected,2
biopsy,2
common,2
x,2
sea,2
2.5,2
asthma,2
bell,2
simple,2
esophagus,2
extreme,2
meeting,2
conception,2
reliable,2
guide,2
hoping,2
anymore,2
fibers,2
9,2
anxious,2
obviously,2
spend,2
praying,2
majority,2
exercising,2
pmol/l,2
ignore,2
absolutely,2
understood,2
affects,2
scalp,2
standing,2
bb,2
fed,2
react,2
virus,2
idk,2
significant,2
appropriate,2
extremely,2
ache,2
specifically,2
infected,2
properly,2
link,2
line,2
constant,2
visits,2
nodules,2
sides,2
land,2
incomplete,2
management,2
legal,2
disposal,2
young,2
send,2
transmission,2
experiencing,2
button,2
sensation,2
sweats,2
access,2
waiting,2
itching,2
exercise,2
degree,2
prescribe,2
numbness,2
30,2
34,2
insulin,2
showing,2
flexeril,2
heart,2
win,2
apply,2
doubt,2
sort,2
thin,2
sir,2
sit,2
tied,2
bothered,2
discomfort,2
allow,2
move,2
looks,2
write,2
untreated,2
dad,2
mention,2
articles,2
truth,2
experienced,2
product,2
measure,2
thrush,2
withdrawal,2
scary,2
chills,2
scare,2
exactly,2
july,2
yrs,2
allergies,2
request,2
face,2
looked,2
mg.,2
fear,2
bloodborne,2
hesitancy,2
hopeful,2
regularly,2
handle,2
means,2
guessing,2
shake,2
eia,2
clearing,2
progress,2
ability,2
figured,2
drug,2
passing,2
chlamydia,2
bulk,2
value,2
rebleeding,2
ultra,2
frustrating,2
ringing,2
examined,2
member,2
usual,2
excessive,2
high-risk,2
obtain,2
batteries,2
mistakes,2
realize,2
book,2
five,2
bottoms,2
16,2
admitted,2
hair,2
proper,2
home,2
happens,2
lead,2
rare,2
sweat,2
couldnt,2
biggest,2
genitals,2
ins,2
48,2
lately,2
mcg,2
incredibly,2
rule,2
asian,1
oldest,1
30min,1
reserve.i,1
1.18,1
priority.you,1
50mg,1
age.sometimes,1
rise,1
dsughter,1
multiple,1
anemia,1
29.,1
progression,1
conceive,1
commented,1
estimates,1
nail,1
varices,1
cycles/periods,1
7th,1
established,1
water+++,1
neg,1
chin,1
4.00,1
enjoy.sherry,1
poison,1
haze,1
vitex,1
1.3cmx.4cm,1
now.take,1
extremly,1
healthily,1
you.can,1
protection,1
path,1
shortness,1
dry,1
kids,1
taper,1
wds,1
ako,1
stressed,1
letitgonow,1
id=7414http,1
fantastic,1
divide,1
bro,1
ninety,1
lng..pde,1
cocaine,1
landscape,1
swings,1
dna,1
bike,1
fainting,1
kgs,1
females,1
breeders,1
relax,1
naive,1
parade,1
warm,1
adult,1
90,1
hole,1
pouch,1
www.aao.orgjch,1
mg,1
bunnies,1
room,1
hypo.your,1
worn,1
laparoscopy,1
.you,1
girls/women,1
experts,1
august,1
lexapro,1
guarantee,1
recovery,1
agony,1
soma,1
hot,1
ordinary,1
badly,1
description,1
mess,1
sicca,1
imaginable,1
thankyou,1
poked,1
lay,1
shirt,1
repeats,1
attempt,1
effective,1
green,1
apso,1
keeps,1
1000,1
thirty,1
undetected,1
benign,1
understated,1
differently,1
400,1
versus,1
affected,1
runny,1
break,1
band,1
bank,1
bread,1
sodas,1
reasonably,1
anymore.second,1
arrested,1
l,1
indonasian,1
ya,1
*headaches,1
'hemangioma,1
bone,1
series,1
spider,1
epidural,1
prolonged,1
noduleright,1
strips,1
forgot,1
happenstance,1
projections,1
gon,1
driving,1
counselors,1
mealsabdominal,1
engineer,1
//www.ncbi.nlm.nih.gov/pubmed/21238884,1
subsiding,1
perception,1
assured,1
u.s.,1
24.,1
admits,1
assures,1
dear.please,1
vets,1
struggle,1
estimate,1
wanted,1
greasy,1
chiari,1
starts,1
diabetic,1
weightloss,1
heck,1
cents.best,1
caught,1
grade,1
sakin,1
instruct,1
immensely,1
clarity,1
awfully,1
activities,1
letting,1
vagina,1
ordered,1
dogs,1
positve,1
gyn,1
tool,1
//www.epa.gov/osw/nonhaz/industrial/medical/disposal.htmhttp,1
wisdom,1
crawl,1
symptom,1
distance,1
tree,1
ebay,1
project,1
beging,1
giver,1
5mm,1
guily,1
hacking,1
solely,1
titration,1
ran,1
untrained,1
manner,1
response.a,1
seek,1
symptomsthe,1
reprieve,1
concrete,1
niece,1
blue,1
weeding,1
walmarts,1
glands,1
,he,1
exercised,1
addict,1
phase,1
marie,1
nachos,1
sub,1
camp,1
m,1
dog,1
marjority,1
toxic,1
contacted,1
ending,1
enjoyed,1
touches,1
busy,1
situations,1
acne,1
hrs,1
invole,1
touched,1
folks,1
population,1
stores,1
personality,1
dh,1
wide,1
etc.,1
dc,1
da,1
cool-down,1
buttocks,1
despite,1
learned,1
comply,1
peyton,1
noon,1
*through*,1
method,1
coming.i,1
fertility,1
ears,1
blew,1
reread,1
w/,1
.if,1
removed.sounds,1
toes,1
radius,1
miserable,1
pricking,1
05,1
apnea.i,1
grandmother,1
protected,1
exprienced,1
*lossing,1
men,1
sport/activity,1
nature,1
weak,1
ws,1
roller,1
improve,1
suggested,1
candidate,1
hoyurs,1
reported,1
fault,1
coz,1
und,1
planned,1
receiver,1
asked,1
royal,1
vain,1
written,1
applicability,1
container.here,1
williegirl3333,1
ibkleen,1
beei,1
remained,1
interest,1
expected,1
105,1
provinces.anyway,1
time.i,1
containers,1
teenager,1
efficacy,1
way.here,1
longer.we,1
worker,1
bladder,1
hepa,1
personally,1
tastes,1
2wks,1
ugly,1
seven,1
ip,1
ir,1
iv,1
dizzy,1
impotencewhat,1
id,1
bottles,1
cumulative,1
wound,1
niko,1
whitener,1
potentially,1
unfortunate,1
evaluate,1
success,1
bunny,1
1000mg,1
exertion,1
independent,1
alittle,1
slightly.this,1
evil,1
pharmacological,1
ddnt,1
it..and,1
i.,1
jealous,1
opportunity,1
accelerating,1
thoughts,1
kept,1
scenario,1
semi-new,1
youre,1
kyle,1
tho,1
resuming,1
greatest,1
thc,1
interferon,1
sleepy,1
aside,1
wasps,1
psych,1
tightness,1
dubba,1
extacy,1
cervix,1
normal.i,1
board,1
hat,1
hav,1
opt,1
worse.my,1
involuntary,1
rna,1
14/16,1
boxes,1
appearing,1
replace,1
shoulder,1
nevermind,1
59,1
______________i,1
performing,1
50,1
stroke,1
steps,1
mosquito,1
play.if,1
lizzy,1
reams,1
security,1
0.63,1
ole,1
successfully,1
dead,1
unnecessary,1
fingering,1
precautions,1
counts,1
confusing,1
congratulate,1
tracked,1
bottom,1
.lv,1
toprol,1
umm,1
diarreah,1
core,1
grannienanniethanks,1
.what,1
ago.i,1
plugging,1
sift,1
losing,1
super,1
'it,1
accepts,1
benzoid,1
ako..tapos,1
vaginal,1
riba,1
outlines,1
functions,1
light.during,1
soc,1
sob,1
whats,1
subs,1
presence,1
forcefully,1
thankful,1
raises,1
balanced,1
chime,1
malignancies,1
particularly,1
llmd,1
scan.viral,1
wag,1
constantly,1
vision,1
payment,1
talk.londres,1
form,1
ulcers,1
forgetful,1
moisturizing,1
pricked,1
lows,1
220,1
myselfbut,1
responding,1
his/her,1
him.i,1
cancers,1
healthpage,1
stages,1
panicky,1
stronger,1
covers,1
gland,1
proves,1
exist,1
fatherhood,1
prayer,1
awhile,1
lungs,1
reality,1
holding,1
company,1
transjugular,1
scored,1
palms,1
ovaries,1
update,1
unwell,1
stops,1
excuse,1
assume,1
restores,1
news.he,1
symptoms..like,1
push,1
uninterested,1
35.8,1
ppl,1
managed,1
focus,1
ice,1
skin,1
battle,1
explain.thanksalso,1
devoted,1
vet,1
re-read,1
nomal,1
april,1
hurtin,1
permanently,1
rhythm,1
suffered,1
division,1
protective,1
string,1
advantage,1
coupold,1
flu,1
word,1
ophthalmologist,1
.has,1
respiratory,1
level,1
brother,1
gum,1
precious_woman,1
teak,1
soooo,1
therapist,1
quick,1
guy,1
here.i,1
unaware,1
prevent,1
regret,1
discover,1
helpless,1
bacteria,1
hsg,1
stressful,1
arthritis,1
necrotic,1
one-page,1
falling,1
lhaso,1
pose,1
transportation,1
prescriptions,1
french,1
bloodworm,1
shove,1
pearls,1
bruises,1
guilty,1
cyst,1
bob,1
weeks.just,1
studies,1
reclaim,1
angioma,1
hiking,1
problematic,1
merely,1
semi-voluntary,1
recevied,1
percocets,1
rarely,1
you..,1
surroundings,1
noduleleft,1
pero,1
teri,5,1
sports,1
masturbating,1
atrophymuscle,1
ripening,1
um..yeah,1
suggestions,1
downtown,1
investigation,1
scratches,1
fingered,1
easiest,1
car,1
originally,1
reflux,1
values,1
lubricant,1
lords,1
december,1
awesome,1
fibroscan,1
confused,1
cystleft,1
palpitations,1
cariier,1
sharp,1
one.yes,1
=0,1
pink,1
winter,1
s2,1
discussion,1
sudden,1
immune,1
absolute,1
mildy,1
staying,1
huge,1
heriditary,1
applications,1
heartbreaking,1
pasting,1
mad,1
suck,1
guys,1
vegina,1
man,1
reposition,1
success.tomorrow,1
sp,1
su,1
nursegirl,1
sm,1
pulled,1
typical,1
transplants,1
tablets,1
disease..,1
avid,1
group,1
puffs,1
forms,1
window,1
presentdr,1
uptake,1
relapsed,1
texas,1
undiagnosed,1
moms,1
devastated,1
found.symptomsthe,1
rake,1
records,1
recap,1
*tingling/numbness,1
stabilize,1
14.2,1
prophylaxis,1
momma,1
doxy,1
realise,1
rock,1
married,1
significantly,1
much..,1
yeah,1
sleepy.also,1
sponsor,1
ribavirin,1
report.initial,1
canada,1
living,1
syringesand,1
prognostic,1
factors,1
tingly,1
seriously,1
hiv/aids,1
correct,1
perfectly,1
bumps,1
complicated,1
lump,1
tryd,1
inhaler,1
cough,1
collections2,1
whpg,1
yuk,1
retreating,1
yun,1
emotion,1
//www.sharpsdisposal.com/,1
predictive,1
xx,1
directly,1
necessarily,1
virgin,1
.does,1
europe,1
legally,1
white,1
controldifficulty,1
hun,1
youdebbie,1
shock,1
specialists,1
eliminated,1
17,1
p24,1
require,1
transferred,1
advice.i,1
1.,1
noduleso,1
10-15,1
again.apprecaite,1
pro,1
turned,1
ant,1
nanee,1
allen,1
turner,1
note,1
online,1
switching,1
price,1
mammograms,1
ovarian,1
beta,1
sheets,1
america,1
forever,1
infections,1
drive,1
pernicious,1
nuclear,1
professional,1
30,000,1
masturbation,1
rambling,1
xyloltol,1
cheat,1
risk.thank,1
cheap,1
discovered,1
bedside,1
surgically,1
aggressive,1
0.40,1
ground,1
gulf,1
conduction,1
calperate,1
*spots,1
lahey,1
lightheaded,1
black,1
transfusions,1
satisfied,1
cursing,1
nearly,1
lighter,1
bad..,1
routinely,1
esophageal,1
worries,1
afib,1
replies,1
blurred,1
relative,1
announcement.let,1
calendar,1
xolu,1
suspects,1
detect,1
fascinated,1
satiety,1
reading,1
affordable,1
ultrasound.u/s-right,1
weeks.typically,1
cortisol,1
parent,1
again.emma,1
mosquitos,1
killing,1
blame,1
gratefully,1
27,1
rapidly,1
interfere,1
dates,1
discernible,1
tuck,1
23,1
restroom,1
wheels,1
comes,1
color,1
ants,1
60,1
learning,1
article,1
boat,1
logic,1
caring,1
fine.co,1
testimonial,1
informed,1
..if,1
.27-4.2,1
combined,1
lmao,1
protocol.simply,1
mary,1
..it,1
educated,1
shopping,1
offered,1
photos,1
textbook,1
63michael,1
hardcore,1
range.what,1
4-6,1
single,1
ak.sourcethe,1
flatline,1
fasciculation,1
mucus,1
coffee,1
sleeping,1
punched,1
loosing,1
activity,1
everyday,1
diseases,1
pay,1
medic,1
17..,1
figuring,1
pad,1
though.and,1
events,1
assist,1
drives,1
companion,1
inbetween,1
edges,1
unmanageable,1
totally,1
clogged,1
faithful,1
tracking,1
1.3cm,1
tthe,1
charges,1
roughly,1
puoti,1
commonest,1
comment,1
actions,1
kill,1
soon.there,1
21.,1
ng,1
speed,1
octcome,1
clueless,1
versa,1
pressureheat,1
3.25,1
extensive,1
muscle-related,1
arounc,1
stung,1
discontinue,1
.sensation,1
pop,1
propper,1
rear,1
fibromyalgia,1
bracelet,1
benefit,1
nose,1
gloria789,1
drainage,1
claw,1
emptyingdifficulty,1
2x,1
seman,1
root,1
snoring,1
thinks,1
spasm,1
confirm,1
fluids,1
uk.abstractportal,1
picks,1
luck.ducky406,1
measuring,1
welcome,1
buckling,1
business,1
atentolol,1
seconds,1
manufactured,1
over.he,1
flushed,1
broken,1
terrified,1
____________________if,1
throw,1
paralysis,1
journey,1
greatly,1
mixed,1
inclusion,1
blessed,1
vacation,1
spinal,1
accounts,1
lively,1
repeatly,1
sweatdizziness,1
hashimotos,1
fhvp,1
restless,1
mums,1
removing,1
will.just,1
lou,1
exceptional,1
spot.any,1
jus,1
e-friends,1
vl,1
wholes,1
happening,1
regimen,1
circulation,1
rage,1
autism,1
gone,1
ai,1
combining,1
contributory,1
rvr,1
septated,1
file,1
horse,1
spends,1
hit,1
hygienist,1
bored,1
4.8,1
trash,1
immunity,1
suites,1
briefly,1
60s,1
drift,1
diarrheaconstipationunintentional,1
includes,1
psychiatry,1
healing-,1
itches,1
mayo,1
clinically,1
odds,1
3-4,1
adderrall,1
10dpo,1
exhausting,1
grandbunnies,1
external,1
dollar,1
messy,1
meditation,1
adhere,1
pts,1
-d,1
tail,1
biliary,1
th,1
14,1
tg,1
norm,1
ta,1
iui,1
fay,1
horror,1
iud,1
induce,1
pcos,1
floater,1
neurological,1
drugged,1
large,1
adjust,1
posted.pm,1
gallbladder,1
16-20,1
ten,1
sync,1
zero,1
perspective,1
incontinencefeeling,1
trick,1
opted,1
cognnitive,1
nana,1
sun,1
brief,1
off.i,1
multitude,1
vomiting,1
parents.nothing,1
hashis,1
i.e,1
november,1
difficultiesdamage,1
search,1
vicky,1
wants.never,1
you/blessings,1
protect-able,1
periodic,1
arent,1
sticking,1
followed,1
suddenly,1
cleanings,1
questioned,1
vit,1
gosh,1
up.tell,1
hiv.go,1
ridding,1
intense,1
contains,1
hospital/medical,1
joggen,1
injury,1
flat,1
door,1
babyhopes.com,1
operators,1
antibiotics,1
controlling,1
basically,1
broke,1
particular,1
known,1
producing,1
strain,1
recall,1
offended,1
male,1
specialized,1
biked,1
stated,1
share,1
pushed,1
salty,1
numbers,1
scar,1
crampingdifficulty,1
information,1
5.7,1
acts,1
disclaim,1
elixer,1
cline,1
hugs,1
explains,1
eatting,1
shouldnt,1
rude,1
lesion,1
doubts,1
quandry,1
*****,1
choice,1
fo,1
treatment.you,1
loud,1
anytime,1
responsibility,1
prayers.ray,1
pleasure,1
dream,1
.this,1
neuropathies,1
sooo,1
tramadol,1
committed,1
smiling,1
suffer,1
actions.it,1
ok.,1
26,1
arteries,1
sodium,1
pcr,1
thnx,1
29,1
harmless,1
systems,1
bypass,1
hurting,1
return,1
food,1
libido,1
mexico.tuck,1
foot,1
solver,1
advice.~star,1
400mg,1
habits,1
characterized,1
undetectable,1
energy,1
accidentally,1
tonite,1
argumentative,1
minnie,1
flower,1
lipstick,1
relaxers,1
meditating,1
discouraging,1
adults.the,1
cheated,1
decision.a,1
*muscle,1
occurs,1
gardener,1
way.you,1
belief,1
timeline,1
labs,1
imaging,1
sure..,1
e.g,1
terrible,1
expecting,1
sensations,1
//www.amazon.com/cool-through-anger-learning-along/dp/1575423464/ref=pd_sim_b_5i,1
heartbeat,1
feed,1
self-reflection,1
number,1
enlarged,1
dint,1
miss,1
heads,1
temperature,1
script,1
leading,1
smoother,1
statement,1
x.when,1
8th,2010,1
store,1
gps,1
bumble,1
5.93,1
immediate,1
products.i,1
dentist,1
rain,1
grace,1
incision,1
gotten,1
tummy,1
tissue,1
toximia,1
dang,1
headache,1
wasnt,1
bloating,1
canceling,1
hemangioma,1
concentration,1
organs,1
interferes,1
elisa,1
lifts,1
better..no,1
sherry,1
..nothing,1
hgb,1
play,1
thoracic,1
warnings,1
seeing.i,1
75,1
*jolts,1
eaten,1
faint,1
fluctuate,1
basal,1
5-6,1
tpo,1
clear,1
ko,1
cat=7002,1
traditional,1
family/community,1
clean,1
clinician,1
146.4,1
swelling,1
stoned,1
coaster,1
overwhelmed,1
occupation,1
impact,1
paranoid,1
nervous,1
ruin,1
19th,1
cirrotic,1
central,1
hip,1
cysts,1
triangle,1
freaks,1
dependent,1
feels,1
doing.admittedly,1
medicines,1
cry,1
perfume,1
recommendations,1
info.donna,1
poisoned,1
rescheduling,1
achieves,1
irregularly,1
backfire,1
pi,1
2.6,1
knees,1
vitamins,1
movie,1
iccu,1
streesin,1
possible.i,1
responses,1
electrical,1
kenkeith,1
packing,1
buspar,1
forgotten,1
danced,1
visiondecreased,1
day.i,1
church,1
30mg,1
consuming,1
devil,1
raise,1
pt,1
underage,1
secret,1
pa,1
damn,1
vertigo,1
resting,1
lived,1
sobriety,1
fast.you,1
citizen,1
well.feel,1
incoordination.for,1
bill,1
tolerate,1
but..,1
replaced,1
smart,1
behavior,1
32,1
hypoglaecemic,1
casino,1
19.0,1
cents,1
calculator,1
rid,1
saline,1
aches,1
ewh,1
baseline,1
shorten,1
elevated,1
shorter,1
rules,1
guarentee,1
impove,1
emphasize,1
hookthe,1
well.to,1
development,1
overweight,1
flows,1
0.202,1
medicaid,1
weird,1
sweating,1
infertility,1
older,1
anybodys,1
depending,1
spent,1
analysis,1
normal*tingling,1
20mg,1
abstain,1
x-rays,1
useful,1
posting.debbie,1
proven,1
superficial,1
helping,1
tablet,1
cancelling,1
throats,1
internal,1
parents,1
location,1
crying,1
'get,1
remaining,1
useless,1
australia,1
emergency,1
doses,1
submandibular,1
moods,1
stenosis,1
f/u,1
flux,1
zoloft,1
400,000,1
ovidrelle,1
terminology,1
hallmark,1
ijs,1
fake,1
handjob,1
lips,1
added,1
snuffles,1
histology,1
curious,1
bruising,1
delivered,1
and/or,1
culprit,1
contacts,1
shall,1
pea,1
bf,1
ba,1
processing,1
bj,1
step,1
4.61,1
lasts,1
refuses,1
bx,1
aswell,1
exaggerated,1
rective,1
prove,1
alert,1
untreated.if,1
forearms,1
72,1
miracles,1
garbage,1
visit,1
primarily,1
factor,1
calming,1
pharamcy,1
criteria,1
pastor,1
bischofberger,1
reassurance,1
.i,1
blockage,1
peripheral,1
ud,1
scratched,1
side-,1
raging,1
influence,1
coordinator,1
consulted,1
tecnis,1
wedged,1
involvement.other,1
said.is,1
hemodynamic,1
amounts,1
peace,1
afford,1
nap,1
b12,1
gross,1
endocrine,1
gumaling,1
lens,1
rested,1
allowing,1
posters,1
tailored,1
vice,1
/dosage,1
wards,1
stmptoms,1
walked,1
it.even,1
nasa,1
retardation,1
2009,1
svr,1
katy,1
pulsing,1
hypothyroidism,1
menses,1
clarified,1
trauma.the,1
5-ht1a,1
hiv2,1
hiv1,1
fatal,1
wished,1
provider,1
wave,1
uptake.now,1
balls,1
mixing,1
artery,1
drinking,1
infrared,1
wipe,1
rythum,1
entire,1
magic,1
for.mike,1
michael,1
escelated,1
dealt,1
havent,1
ride,1
.75,1
antigen,1
waking,1
fold,1
bellis,1
uncomfortable,1
clotting,1
acid,1
click,1
stds,1
schedule,1
fat,1
eating,1
body*severe,1
needed.i,1
chose,1
leg,1
sinuses,1
punch,1
replying.yes,1
following,1
identifications,1
tapered.i,1
31,1
35,1
guidance,1
sheila,1
addresses,1
charge,1
wil,1
private,1
names,1
in.bali,1
examination,1
debbie,1
crab,1
hardand,1
reflects,1
1/4,1
1/3,1
local,1
sore,1
train,1
rabbit,1
starter,1
sweetener,1
meen,1
f,1
challenge,1
doctor.who,1
dropped,1
links,1
plate,1
process,1
slim,1
effectively,1
tab,1
mri-1,1
voice,1
charting,1
vibe,1
six,1
delay,1
panic,1
mcg.t3,1
profile,1
watch,1
highs,1
fatigue,1
taco,1
fits,1
overreacting,1
light,1
microbial,1
s1,1
breast,1
houston,1
thigh,1
afterwords,1
widowed,1
bunch,1
gestational,1
chain..,1
lh,1
lu,1
do..eventually,1
2014,1
etc..i,1
physicians,1
life.perfect,1
outlined,1
practice,1
flew,1
swallowingfalling,1
sternum,1
tram,1
me.if,1
transmitted,1
mode,1
involvement,1
conceiving,1
make.i,1
alteration,1
deficiency,1
books,1
static,1
sexual,1
flys,1
respects,1
clinching,1
times.tell,1
matrix,1
changesdamage,1
ricky,1
follicle,1
flushing,1
shut,1
lizzie,1
reacts,1
70s,1
attending,1
factored,1
shortest,1
cholestrol,1
diminished,1
conversation,1
sleeplessness,1
gruesome,1
cardiac,1
reached,1
cuticle,1
fair,1
opthamologist,1
unknown,1
warm-ups,1
..but,1
attack,1
99.6,1
them.what,1
final,1
painful,1
,now,1
stomach,1
2-4,1
*frequent,1
there.keep,1
loved,1
exposure.m,1
pads,1
bed,1
bee,1
6th,1
drunk,1
function,1
1.0,1
gently,1
trainer,1
husbands/wifes,1
comfortably,1
opthalmic,1
minimally,1
battles,1
arm,1
instance,1
truck,1
1.36,1
1.37,1
vist,1
centre,1
'arf,1
doing.take,1
lidocaine,1
consequences,1
.go,1
pictures,1
normally,1
aggresive,1
son,1
it.so,1
chances,1
bring,1
staff,1
based,1
winner,1
well.i,1
hector,1
denervation,1
combo,1
lesionso,1
aslong,1
beable,1
wishing,1
disgnose,1
coworker,1
lucky,1
wishes.sissie,1
joint,1
sinus,1
procedures,1
areas,1
.82-1.60,1
differential,1
calling,1
dangerous,1
fellatio..,1
news.there,1
dexilant,1
prayers,1
acquired,1
frame,1
intensity,1
reinforcement,1
btb,1
omg,1
alberto,1
tripping,1
destiny,1
mind/,1
correctly,1
routine,1
frustrated,1
thalamus,1
ends,1
amen,1
infected.very,1
deliver,1
above.you,1
douvir,1
abusers,1
questionaire,1
joke,1
twitching,1
transplantation,1
28.0-41.0,1
own.your,1
ck,1
unclear,1
helpful.barbmy,1
wall,1
walk,1
laugh,1
cousin,1
respect,1
work.symptoms,1
brain.diane,1
quit,1
immense,1
genetic,1
permanent,1
slowly,1
whisper,1
asthma.you,1
lifehelp,1
remedies,1
miscarriages,1
sufficient,1
hmm,1
finished,1
oythegreatthanks,1
smoking,1
acrysof,1
sis4478,1
irregular,1
nd,1
harder,1
country,1
advisable,1
groin,1
habit.and,1
encouragement,1
24.from,1
polymerase,1
sherlock,1
arabia,1
wks,1
discipline,1
began,1
cross,1
coronary,1
strange,1
//msj.sagepub.com/content/14/9/1157.full.pdf+html-shell,1
units,1
difficult,1
practitioner,1
disagree,1
sauna,1
blockers,1
spitting,1
discouraged,1
sisters,1
lupus,1
center,1
no.thalheimer,1
'tele,1
protocol.i,1
bending,1
anymore.i,1
//www.sharecare.com/question/what-penile-shortening-radical-prostatectomy,1
day-to-day,1
mths,1
foaming,1
happiness,1
spells,1
web,1
gma,1
sky,1
recapping,1
battery,1
asap.thyroid,1
exempt,1
boomers,1
increased,1
checking,1
cpap,1
knos,1
//bd.com/us/diabetes/page.aspx,1
constant.it,1
prominent,1
puppy,1
necessary,1
tons,1
lose,1
thinners,1
works,1
regardless,1
replacement,1
requested,1
ai'nt,1
semblance,1
flush,1
scares,1
literally,1
avoid,1
hiv.in,1
cunnilingus,1
noise,1
reaching,1
complication,1
periodically,1
stage,1
hbsag,1
antral,1
cleans,1
recognized,1
burroughs,1
tongue,1
predictor,1
swimming,1
one.frijole,1
childrens,1
on.long,1
disoriented.thank,1
previously,1
functional,1
receptor,1
tiny,1
female,1
life.i,1
appt,1
noticed,1
bump,1
bees,1
9.0,1
naturally,1
3or4,1
mu/l,1
out..,1
chatting,1
mucked,1
hv,1
delivery,1
lowered,1
delivers,1
ear,1
count,1
temp,1
it.do,1
distract,1
limit,1
adderall,1
pm,1
on-and-off,1
jessy,1
horrific,1
recognize,1
slowing,1
pip,1
w/ds,1
kissed,1
chromosome,1
champion,1
mutual,1
compared,1
46,1
demonize,1
mass,1
contacting,1
conclusion,1
worsens.movement,1
repeat,1
monday,1
alienates,1
june,1
ribavarin,1
clarifying,1
vein,1
goin,1
3rd,1
diagnosis,1
eot,1
yell,1
compromised,1
